Source Page URL,Broken Link URL,Anchor Text / Current Value,Link Type,Status Code
https://mokaraminjurylawyers.com/houston-cruise-ship-accident-lawyer/,https://mokaraminjurylawyers.com/?page_id=869,Personal Injury Lawyer,Internal,404
https://mokaraminjurylawyers.com/houston-cruise-ship-accident-lawyer/,https://mokaraminjurylawyers.com/?page_id=869,Personal Injury Lawyer,Internal,404
https://mokaraminjurylawyers.com/houston-cruise-ship-accident-lawyer/,https://www.youtube.com/@mokaramlawfirm3988,Youtube,External,404
https://mokaraminjurylawyers.com/houston-cruise-ship-accident-lawyer/,https://www.yelp.com/biz/mokaram-law-firm-houston,Yelp,External,403
https://mokaraminjurylawyers.com/houston-cruise-ship-accident-lawyer/,https://www.instagram.com/mokaraminjurylawyers?igsh=MXFmb2VhajB3NWdxag==,Instagram,External,429
https://mokaraminjurylawyers.com/houston-cruise-ship-accident-lawyer/,https://uscode.house.gov/view.xhtml?req=granuleid:USC-2010-title46-section30509&num=0&edition=2010,U.S. maritime law,External,Connection Error
https://mokaraminjurylawyers.com/houston-cruise-ship-accident-lawyer/,https://uscode.house.gov/view.xhtml?req=granuleid:USC-2000-title46-section30101&num=0&edition=2000,Under this code,External,Connection Error
https://mokaraminjurylawyers.com/houston-cruise-ship-accident-lawyer/,https://uscode.house.gov/view.xhtml?req=granuleid:USC-prelim-title46-section30104&num=0&edition=prelim,Jones Act,External,Connection Error
https://mokaraminjurylawyers.com/houston-cruise-ship-accident-lawyer/,https://www.transportation.gov/mission/safety/cruise-line-incident-report-1-oct-31-dec-2023,Cruise Line Incident Report,External,Connection Error
https://mokaraminjurylawyers.com/,https://mokaraminjurylawyers.com/?page_id=869,Personal Injury Lawyer,Internal,404
https://mokaraminjurylawyers.com/,https://mokaraminjurylawyers.com/?page_id=869,Personal Injury Lawyer,Internal,404
https://mokaraminjurylawyers.com/,http://che,Chemical Exposure,External,Connection Error
https://mokaraminjurylawyers.com/,https://www.youtube.com/@mokaramlawfirm3988,Youtube,External,404
https://mokaraminjurylawyers.com/,https://www.yelp.com/biz/mokaram-law-firm-houston,Yelp,External,403
https://mokaraminjurylawyers.com/,https://www.linkedin.com/company/mokaram-law,Linkedin-in,External,999
https://mokaraminjurylawyers.com/,https://www.instagram.com/mokaraminjurylawyers?igsh=MXFmb2VhajB3NWdxag==,Instagram,External,429
https://mokaraminjurylawyers.com/about-us/,https://mokaraminjurylawyers.com/?page_id=869,Personal Injury Lawyer,Internal,404
https://mokaraminjurylawyers.com/about-us/,https://mokaraminjurylawyers.com/?page_id=869,Personal Injury Lawyer,Internal,404
https://mokaraminjurylawyers.com/about-us/,http://che,Chemical Exposure,External,Connection Error
https://mokaraminjurylawyers.com/about-us/,https://www.yelp.com/biz/mokaram-law-firm-houston,Yelp,External,403
https://mokaraminjurylawyers.com/about-us/,https://www.linkedin.com/company/mokaram-law,Linkedin-in,External,999
https://mokaraminjurylawyers.com/about-us/,https://www.youtube.com/@mokaramlawfirm3988,Youtube,External,404
https://mokaraminjurylawyers.com/about-us/,https://www.instagram.com/mokaraminjurylawyers?igsh=MXFmb2VhajB3NWdxag==,Instagram,External,429
https://mokaraminjurylawyers.com/team/,https://mokaraminjurylawyers.com/?page_id=869,Personal Injury Lawyer,Internal,404
https://mokaraminjurylawyers.com/team/,https://mokaraminjurylawyers.com/?page_id=869,Personal Injury Lawyer,Internal,404
https://mokaraminjurylawyers.com/team/,https://www.linkedin.com/company/mokaram-law,Linkedin-in,External,999
https://mokaraminjurylawyers.com/team/,https://www.yelp.com/biz/mokaram-law-firm-houston,Yelp,External,403
https://mokaraminjurylawyers.com/team/,https://www.youtube.com/@mokaramlawfirm3988,Youtube,External,404
https://mokaraminjurylawyers.com/testimonials/,https://mokaraminjurylawyers.com/?page_id=869,Personal Injury Lawyer,Internal,404
https://mokaraminjurylawyers.com/testimonials/,https://mokaraminjurylawyers.com/?page_id=869,Personal Injury Lawyer,Internal,404
https://mokaraminjurylawyers.com/testimonials/,https://www.youtube.com/@mokaramlawfirm3988,Youtube,External,404
https://mokaraminjurylawyers.com/testimonials/,https://www.linkedin.com/company/mokaram-law,Linkedin-in,External,999
https://mokaraminjurylawyers.com/testimonials/,https://www.instagram.com/mokaraminjurylawyers?igsh=MXFmb2VhajB3NWdxag==,Instagram,External,429
https://mokaraminjurylawyers.com/case-results/,https://mokaraminjurylawyers.com/?page_id=869,Personal Injury Lawyer,Internal,404
https://mokaraminjurylawyers.com/case-results/,https://mokaraminjurylawyers.com/?page_id=869,Personal Injury Lawyer,Internal,404
https://mokaraminjurylawyers.com/case-results/,https://www.linkedin.com/company/mokaram-law,Linkedin-in,External,999
https://mokaraminjurylawyers.com/case-results/,https://www.youtube.com/@mokaramlawfirm3988,Youtube,External,404
https://mokaraminjurylawyers.com/case-results/,https://www.yelp.com/biz/mokaram-law-firm-houston,Yelp,External,403
https://mokaraminjurylawyers.com/case-results/,https://www.instagram.com/mokaraminjurylawyers?igsh=MXFmb2VhajB3NWdxag==,Instagram,External,429
https://mokaraminjurylawyers.com/uber-on-us/,https://mokaraminjurylawyers.com/?page_id=869,Personal Injury Lawyer,Internal,404
https://mokaraminjurylawyers.com/uber-on-us/,https://mokaraminjurylawyers.com/?page_id=869,Personal Injury Lawyer,Internal,404
https://mokaraminjurylawyers.com/uber-on-us/,https://www.youtube.com/@mokaramlawfirm3988,Youtube,External,404
https://mokaraminjurylawyers.com/uber-on-us/,https://www.linkedin.com/company/mokaram-law,Linkedin-in,External,999
https://mokaraminjurylawyers.com/uber-on-us/,https://www.instagram.com/mokaraminjurylawyers?igsh=MXFmb2VhajB3NWdxag==,Instagram,External,429
https://mokaraminjurylawyers.com/work-for-our-firm/,https://mokaraminjurylawyers.com/?page_id=869,Personal Injury Lawyer,Internal,404
https://mokaraminjurylawyers.com/work-for-our-firm/,https://mokaraminjurylawyers.com/?page_id=869,Personal Injury Lawyer,Internal,404
https://mokaraminjurylawyers.com/work-for-our-firm/,https://www.linkedin.com/company/mokaram-law,Linkedin-in,External,999
https://mokaraminjurylawyers.com/work-for-our-firm/,https://www.yelp.com/biz/mokaram-law-firm-houston,Yelp,External,403
https://mokaraminjurylawyers.com/work-for-our-firm/,https://www.youtube.com/@mokaramlawfirm3988,Youtube,External,404
https://mokaraminjurylawyers.com/work-for-our-firm/,https://www.instagram.com/mokaraminjurylawyers?igsh=MXFmb2VhajB3NWdxag==,Instagram,External,429
https://mokaraminjurylawyers.com/practice-areas/,https://mokaraminjurylawyers.com/?page_id=869,Personal Injury Lawyer,Internal,404
https://mokaraminjurylawyers.com/practice-areas/,https://mokaraminjurylawyers.com/?page_id=869,Personal Injury Lawyer,Internal,404
https://mokaraminjurylawyers.com/practice-areas/,https://www.yelp.com/biz/mokaram-law-firm-houston,Yelp,External,403
https://mokaraminjurylawyers.com/practice-areas/,https://www.linkedin.com/company/mokaram-law,Linkedin-in,External,999
https://mokaraminjurylawyers.com/practice-areas/,https://www.youtube.com/@mokaramlawfirm3988,Youtube,External,404
https://mokaraminjurylawyers.com/practice-areas/,https://www.instagram.com/mokaraminjurylawyers?igsh=MXFmb2VhajB3NWdxag==,Instagram,External,429
https://mokaraminjurylawyers.com/houston-aviation-accident-lawyer/,https://mokaraminjurylawyers.com/?page_id=869,Personal Injury Lawyer,Internal,404
https://mokaraminjurylawyers.com/houston-aviation-accident-lawyer/,https://mokaraminjurylawyers.com/?page_id=869,Personal Injury Lawyer,Internal,404
https://mokaraminjurylawyers.com/houston-aviation-accident-lawyer/,https://www.faa.gov,Federal Aviation Administration (FAA),External,403
https://mokaraminjurylawyers.com/houston-aviation-accident-lawyer/,https://www.linkedin.com/company/mokaram-law,Linkedin-in,External,999
https://mokaraminjurylawyers.com/houston-aviation-accident-lawyer/,https://www.yelp.com/biz/mokaram-law-firm-houston,Yelp,External,403
https://mokaraminjurylawyers.com/houston-aviation-accident-lawyer/,https://www.youtube.com/@mokaramlawfirm3988,Youtube,External,404
https://mokaraminjurylawyers.com/houston-aviation-accident-lawyer/,https://www.instagram.com/mokaraminjurylawyers?igsh=MXFmb2VhajB3NWdxag==,Instagram,External,429
https://mokaraminjurylawyers.com/texas-boy-scout-assault-lawyer/,https://mokaraminjurylawyers.com/?page_id=869,Personal Injury Lawyer,Internal,404
https://mokaraminjurylawyers.com/texas-boy-scout-assault-lawyer/,https://mokaraminjurylawyers.com/?page_id=869,Personal Injury Lawyer,Internal,404
https://mokaraminjurylawyers.com/texas-boy-scout-assault-lawyer/,https://www.reuters.com/legal/litigation/us-court-reluctant-blow-up-boy-scouts-246-billion-sex-abuse-settlement-2024-11-06,$2.46,External,401
https://mokaraminjurylawyers.com/texas-boy-scout-assault-lawyer/,https://www.linkedin.com/company/mokaram-law,Linkedin-in,External,999
https://mokaraminjurylawyers.com/texas-boy-scout-assault-lawyer/,https://www.youtube.com/@mokaramlawfirm3988,Youtube,External,404
https://mokaraminjurylawyers.com/texas-boy-scout-assault-lawyer/,https://www.instagram.com/mokaraminjurylawyers?igsh=MXFmb2VhajB3NWdxag==,Instagram,External,429
https://mokaraminjurylawyers.com/houston-traumatic-brain-injury-lawyer/,https://mokaraminjurylawyers.com/?page_id=869,Personal Injury Lawyer,Internal,404
https://mokaraminjurylawyers.com/houston-traumatic-brain-injury-lawyer/,https://mokaraminjurylawyers.com/?page_id=869,Personal Injury Lawyer,Internal,404
https://mokaraminjurylawyers.com/houston-traumatic-brain-injury-lawyer/,https://www.linkedin.com/company/mokaram-law,Linkedin-in,External,999
https://mokaraminjurylawyers.com/houston-traumatic-brain-injury-lawyer/,https://www.youtube.com/@mokaramlawfirm3988,Youtube,External,404
https://mokaraminjurylawyers.com/houston-traumatic-brain-injury-lawyer/,https://www.instagram.com/mokaraminjurylawyers?igsh=MXFmb2VhajB3NWdxag==,Instagram,External,429
https://mokaraminjurylawyers.com/houston-cerebral-palsy-lawyer/,https://mokaraminjurylawyers.com/?page_id=869,Personal Injury Lawyer,Internal,404
https://mokaraminjurylawyers.com/houston-cerebral-palsy-lawyer/,https://mokaraminjurylawyers.com/?page_id=869,Personal Injury Lawyer,Internal,404
https://mokaraminjurylawyers.com/houston-cerebral-palsy-lawyer/,https://www.ninds.nih.gov/health-information/disorders/cerebral-palsy,Cerebral palsy,External,Connection Error
https://mokaraminjurylawyers.com/houston-cerebral-palsy-lawyer/,https://www.linkedin.com/company/mokaram-law,Linkedin-in,External,999
https://mokaraminjurylawyers.com/houston-cerebral-palsy-lawyer/,https://www.youtube.com/@mokaramlawfirm3988,Youtube,External,404
https://mokaraminjurylawyers.com/houston-cerebral-palsy-lawyer/,https://www.instagram.com/mokaraminjurylawyers?igsh=MXFmb2VhajB3NWdxag==,Instagram,External,429
https://mokaraminjurylawyers.com/houston-cruise-ship-accident-lawyer/,https://mokaraminjurylawyers.com/?page_id=869,Personal Injury Lawyer,Internal,404
https://mokaraminjurylawyers.com/houston-cruise-ship-accident-lawyer/,https://mokaraminjurylawyers.com/?page_id=869,Personal Injury Lawyer,Internal,404
https://mokaraminjurylawyers.com/houston-cruise-ship-accident-lawyer/,https://www.youtube.com/@mokaramlawfirm3988,Youtube,External,404
https://mokaraminjurylawyers.com/houston-cruise-ship-accident-lawyer/,https://www.yelp.com/biz/mokaram-law-firm-houston,Yelp,External,403
https://mokaraminjurylawyers.com/houston-cruise-ship-accident-lawyer/,https://www.linkedin.com/company/mokaram-law,Linkedin-in,External,999
https://mokaraminjurylawyers.com/houston-cruise-ship-accident-lawyer/,https://www.instagram.com/mokaraminjurylawyers?igsh=MXFmb2VhajB3NWdxag==,Instagram,External,429
https://mokaraminjurylawyers.com/houston-cruise-ship-accident-lawyer/,https://uscode.house.gov/view.xhtml?req=granuleid:USC-2010-title46-section30509&num=0&edition=2010,U.S. maritime law,External,Connection Error
https://mokaraminjurylawyers.com/houston-cruise-ship-accident-lawyer/,https://uscode.house.gov/view.xhtml?req=granuleid:USC-2000-title46-section30101&num=0&edition=2000,Under this code,External,Connection Error
https://mokaraminjurylawyers.com/houston-cruise-ship-accident-lawyer/,https://uscode.house.gov/view.xhtml?req=granuleid:USC-prelim-title46-section30104&num=0&edition=prelim,Jones Act,External,Connection Error
https://mokaraminjurylawyers.com/houston-cruise-ship-accident-lawyer/,https://www.transportation.gov/mission/safety/cruise-line-incident-report-1-oct-31-dec-2023,Cruise Line Incident Report,External,Connection Error
https://mokaraminjurylawyers.com/houston-dangerous-drugs-lawyer/,https://mokaraminjurylawyers.com/?page_id=869,Personal Injury Lawyer,Internal,404
https://mokaraminjurylawyers.com/houston-dangerous-drugs-lawyer/,https://mokaraminjurylawyers.com/?page_id=869,Personal Injury Lawyer,Internal,404
https://mokaraminjurylawyers.com/houston-dangerous-drugs-lawyer/,https://www.dea.gov,2025,External,403
https://mokaraminjurylawyers.com/houston-dangerous-drugs-lawyer/,https://www.dea.gov/sites/default/files/2024-05/NDTA_2024.pdf,2023,External,403
https://mokaraminjurylawyers.com/houston-dangerous-drugs-lawyer/,https://pmc.ncbi.nlm.nih.gov/articles/PMC6173549,Liability can extend to doctors,External,405
https://mokaraminjurylawyers.com/houston-dangerous-drugs-lawyer/,https://www.linkedin.com/company/mokaram-law,Linkedin-in,External,999
https://mokaraminjurylawyers.com/houston-dangerous-drugs-lawyer/,https://www.youtube.com/@mokaramlawfirm3988,Youtube,External,404
https://mokaraminjurylawyers.com/houston-dangerous-drugs-lawyer/,https://www.instagram.com/mokaraminjurylawyers?igsh=MXFmb2VhajB3NWdxag==,Instagram,External,429
https://mokaraminjurylawyers.com/houston-dram-shop-lawyer/,https://mokaraminjurylawyers.com/?page_id=869,Personal Injury Lawyer,Internal,404
https://mokaraminjurylawyers.com/houston-dram-shop-lawyer/,https://mokaraminjurylawyers.com/?page_id=869,Personal Injury Lawyer,Internal,404
https://mokaraminjurylawyers.com/houston-dram-shop-lawyer/,https://www.sacurrent.com/food-drink/texas-reports-monthly-increase-in-restaurant-and-bar-liquor-sales-34461035,14% increase,External,403
https://mokaraminjurylawyers.com/houston-dram-shop-lawyer/,https://www.ibisworld.com/us/industry/texas/wine-spirits-wholesaling/12374,$9.3 billion,External,405
https://mokaraminjurylawyers.com/houston-dram-shop-lawyer/,https://www.youtube.com/@mokaramlawfirm3988,Youtube,External,404
https://mokaraminjurylawyers.com/houston-dram-shop-lawyer/,https://www.yelp.com/biz/mokaram-law-firm-houston,Yelp,External,403
https://mokaraminjurylawyers.com/houston-dram-shop-lawyer/,https://www.linkedin.com/company/mokaram-law,Linkedin-in,External,999
https://mokaraminjurylawyers.com/houston-dram-shop-lawyer/,https://www.instagram.com/mokaraminjurylawyers?igsh=MXFmb2VhajB3NWdxag==,Instagram,External,429
https://mokaraminjurylawyers.com/houston-eminent-domain-lawyer/,https://mokaraminjurylawyers.com/?page_id=869,Personal Injury Lawyer,Internal,404
https://mokaraminjurylawyers.com/houston-eminent-domain-lawyer/,https://mokaraminjurylawyers.com/?page_id=869,Personal Injury Lawyer,Internal,404
https://mokaraminjurylawyers.com/houston-eminent-domain-lawyer/,https://www.youtube.com/@mokaramlawfirm3988,Youtube,External,404
https://mokaraminjurylawyers.com/houston-eminent-domain-lawyer/,https://www.yelp.com/biz/mokaram-law-firm-houston,Yelp,External,403
https://mokaraminjurylawyers.com/houston-eminent-domain-lawyer/,https://www.linkedin.com/company/mokaram-law,Linkedin-in,External,999
https://mokaraminjurylawyers.com/houston-eminent-domain-lawyer/,https://www.instagram.com/mokaraminjurylawyers?igsh=MXFmb2VhajB3NWdxag==,Instagram,External,429
https://mokaraminjurylawyers.com/texas-first-party-insurance-lawyers/,https://mokaraminjurylawyers.com/?page_id=869,Personal Injury Lawyer,Internal,404
https://mokaraminjurylawyers.com/texas-first-party-insurance-lawyers/,https://mokaraminjurylawyers.com/?page_id=869,Personal Injury Lawyer,Internal,404
https://mokaraminjurylawyers.com/texas-first-party-insurance-lawyers/,https://www.youtube.com/@mokaramlawfirm3988,Youtube,External,404
https://mokaraminjurylawyers.com/texas-first-party-insurance-lawyers/,https://www.yelp.com/biz/mokaram-law-firm-houston,Yelp,External,403
https://mokaraminjurylawyers.com/texas-first-party-insurance-lawyers/,https://www.linkedin.com/company/mokaram-law,Linkedin-in,External,999
https://mokaraminjurylawyers.com/texas-first-party-insurance-lawyers/,https://www.instagram.com/mokaraminjurylawyers?igsh=MXFmb2VhajB3NWdxag==,Instagram,External,429
https://mokaraminjurylawyers.com/houston-maritime-injury-lawyers/,https://mokaraminjurylawyers.com/?page_id=869,Personal Injury Lawyer,Internal,404
https://mokaraminjurylawyers.com/houston-maritime-injury-lawyers/,https://mokaraminjurylawyers.com/?page_id=869,Personal Injury Lawyer,Internal,404
https://mokaraminjurylawyers.com/houston-maritime-injury-lawyers/,https://www.dol.gov/agencies/owcp/dlhwc/lhwca,LHWCA,External,405
https://mokaraminjurylawyers.com/houston-maritime-injury-lawyers/,https://www.osha.gov,"(OSHA),",External,403
https://mokaraminjurylawyers.com/houston-maritime-injury-lawyers/,https://www.youtube.com/@mokaramlawfirm3988,Youtube,External,404
https://mokaraminjurylawyers.com/houston-maritime-injury-lawyers/,https://www.linkedin.com/company/mokaram-law,Linkedin-in,External,999
https://mokaraminjurylawyers.com/houston-maritime-injury-lawyers/,https://www.yelp.com/biz/mokaram-law-firm-houston,Yelp,External,403
https://mokaraminjurylawyers.com/houston-maritime-injury-lawyers/,https://www.instagram.com/mokaraminjurylawyers?igsh=MXFmb2VhajB3NWdxag==,Instagram,External,429
https://mokaraminjurylawyers.com/houston-maritime-injury-lawyers/,https://uscode.house.gov/view.xhtml?path=/prelim@title46/subtitle3/chapter303&edition=prelim,Death on the High Seas Act (DOHSA),External,Connection Error
https://mokaraminjurylawyers.com/texas-nfl-concussion-lawyer/,https://mokaraminjurylawyers.com/?page_id=869,Personal Injury Lawyer,Internal,404
https://mokaraminjurylawyers.com/texas-nfl-concussion-lawyer/,https://mokaraminjurylawyers.com/?page_id=869,Personal Injury Lawyer,Internal,404
https://mokaraminjurylawyers.com/texas-nfl-concussion-lawyer/,https://www.youtube.com/@mokaramlawfirm3988,Youtube,External,404
https://mokaraminjurylawyers.com/texas-nfl-concussion-lawyer/,https://www.linkedin.com/company/mokaram-law,Linkedin-in,External,999
https://mokaraminjurylawyers.com/texas-toxic-chemical-exposure-lawyer/,https://mokaraminjurylawyers.com/?page_id=869,Personal Injury Lawyer,Internal,404
https://mokaraminjurylawyers.com/texas-toxic-chemical-exposure-lawyer/,https://mokaraminjurylawyers.com/?page_id=869,Personal Injury Lawyer,Internal,404
https://mokaraminjurylawyers.com/texas-toxic-chemical-exposure-lawyer/,https://www.osha.gov/asbestos,asbestos,External,403
https://mokaraminjurylawyers.com/texas-toxic-chemical-exposure-lawyer/,https://www.osha.gov/solvents,solvents,External,403
https://mokaraminjurylawyers.com/texas-toxic-chemical-exposure-lawyer/,https://www.osha.gov/benzene,benzene,External,403
https://mokaraminjurylawyers.com/texas-toxic-chemical-exposure-lawyer/,https://www.osha.gov/workers/employer-responsibilities,Occupational Safety and Health Administration,External,403
https://mokaraminjurylawyers.com/texas-toxic-chemical-exposure-lawyer/,https://www.linkedin.com/company/mokaram-law,Linkedin-in,External,999
https://mokaraminjurylawyers.com/texas-toxic-chemical-exposure-lawyer/,https://www.youtube.com/@mokaramlawfirm3988,Youtube,External,404
https://mokaraminjurylawyers.com/texas-toxic-chemical-exposure-lawyer/,https://www.yelp.com/biz/mokaram-law-firm-houston,Yelp,External,403
https://mokaraminjurylawyers.com/texas-toxic-chemical-exposure-lawyer/,https://www.instagram.com/mokaraminjurylawyers?igsh=MXFmb2VhajB3NWdxag==,Instagram,External,429
